{
  "action_count": 7,
  "baseline_dir": "out/demo/baseline",
  "bundle_id": null,
  "completed_at": "2026-01-30T17:16:44.415817+00:00",
  "config_fingerprint": "6f0876c3957f636e25a22ae3be0bcc3ea8036e2114452c8f569d90f8c7df66eb",
  "enforce_actions": false,
  "event_count": 10,
  "evidence_pack_enabled": true,
  "input_dir": "out/demo/run",
  "model_versions": {
    "policy_version": "policy-1",
    "waveos_version": "0.1.0"
  },
  "output_dir": "out/demo/out/run_4",
  "policy_version": "policy-1",
  "queue_depths": {
    "telemetry_ingest": 320
  },
  "recovery_enabled": false,
  "run_id": "run-d49cbc85",
  "sample_count": 320,
  "score_count": 4,
  "started_at": "2026-01-30T17:16:44.408892+00:00",
  "system_metrics": {
    "cpu_load_15m": 13.755859375,
    "cpu_load_1m": 14.2373046875,
    "cpu_load_5m": 13.18017578125,
    "max_rss_kb": 68304896,
    "system_cpu_seconds": 0.088907,
    "user_cpu_seconds": 0.24265199999999998
  },
  "task_health": {
    "normalize": "ok",
    "policy": "ok",
    "report": "ok",
    "score": "ok"
  },
  "telemetry_metrics": {
    "ber": 2.6173812473067193e-09,
    "congestion_pct": 9.96890750421459,
    "drops": 0.6343749999999999,
    "errors": 1.7000000000000002,
    "fec_corrected": 3.0625,
    "fec_uncorrected": 1.53125,
    "retries": 0.65,
    "rx_power_dbm": -1.627957967459014,
    "temperature_c": 45.480861677085834,
    "tx_power_dbm": -0.04771809256268854
  },
  "transformations": [
    {
      "name": "normalize_records",
      "schema_version": 1
    },
    {
      "name": "score_links",
      "schema_version": 1
    },
    {
      "name": "policy_recommendations",
      "schema_version": 1
    }
  ],
  "waveos_version": "0.1.0"
}