[
  {
    "action": "REROUTE",
    "drivers": [
      "tx_power_dbm_increase",
      "power_kw_spike",
      "energy_kwh_spike",
      "voltage_v_spike",
      "battery_soc_pct_spike"
    ],
    "entity_id": "link-1",
    "entity_type": "link",
    "rationale": "Link health is FAIL; recommend reroute.",
    "run_id": "run-c60747aa",
    "schema_version": 1,
    "score": 0.0,
    "status": "FAIL"
  },
  {
    "action": "RATE_LIMIT",
    "drivers": [
      "tx_power_dbm_increase",
      "power_kw_spike",
      "energy_kwh_spike",
      "voltage_v_spike",
      "battery_soc_pct_spike"
    ],
    "entity_id": "link-1",
    "entity_type": "link",
    "rationale": "Degraded link; reduce load to stabilize.",
    "run_id": "run-c60747aa",
    "schema_version": 1,
    "score": 0.0,
    "status": "FAIL"
  },
  {
    "action": "REROUTE",
    "drivers": [
      "errors_spike",
      "drops_increase",
      "power_kw_spike",
      "energy_kwh_spike",
      "voltage_v_spike",
      "battery_soc_pct_spike"
    ],
    "entity_id": "link-2",
    "entity_type": "link",
    "rationale": "Link health is FAIL; recommend reroute.",
    "run_id": "run-c60747aa",
    "schema_version": 1,
    "score": 0.0,
    "status": "FAIL"
  },
  {
    "action": "RATE_LIMIT",
    "drivers": [
      "errors_spike",
      "drops_increase",
      "power_kw_spike",
      "energy_kwh_spike",
      "voltage_v_spike",
      "battery_soc_pct_spike"
    ],
    "entity_id": "link-2",
    "entity_type": "link",
    "rationale": "Degraded link; reduce load to stabilize.",
    "run_id": "run-c60747aa",
    "schema_version": 1,
    "score": 0.0,
    "status": "FAIL"
  },
  {
    "action": "REROUTE",
    "drivers": [
      "temperature_drift",
      "power_kw_spike",
      "energy_kwh_spike",
      "voltage_v_spike",
      "battery_soc_pct_spike"
    ],
    "entity_id": "link-3",
    "entity_type": "link",
    "rationale": "Link health is FAIL; recommend reroute.",
    "run_id": "run-c60747aa",
    "schema_version": 1,
    "score": 0.0,
    "status": "FAIL"
  },
  {
    "action": "RATE_LIMIT",
    "drivers": [
      "temperature_drift",
      "power_kw_spike",
      "energy_kwh_spike",
      "voltage_v_spike",
      "battery_soc_pct_spike"
    ],
    "entity_id": "link-3",
    "entity_type": "link",
    "rationale": "Degraded link; reduce load to stabilize.",
    "run_id": "run-c60747aa",
    "schema_version": 1,
    "score": 0.0,
    "status": "FAIL"
  },
  {
    "action": "POWER_THERMAL_CONSTRAINT",
    "drivers": [
      "temperature_drift",
      "power_kw_spike",
      "energy_kwh_spike",
      "voltage_v_spike",
      "battery_soc_pct_spike"
    ],
    "entity_id": "link-3",
    "entity_type": "link",
    "rationale": "Temperature drift detected; apply thermal constraints.",
    "run_id": "run-c60747aa",
    "schema_version": 1,
    "score": 0.0,
    "status": "FAIL"
  },
  {
    "action": "REROUTE",
    "drivers": [
      "retries_increase",
      "congestion_pct_spike",
      "power_kw_spike",
      "energy_kwh_spike",
      "voltage_v_spike",
      "battery_soc_pct_spike",
      "charger_fault"
    ],
    "entity_id": "link-4",
    "entity_type": "link",
    "rationale": "Link health is FAIL; recommend reroute.",
    "run_id": "run-c60747aa",
    "schema_version": 1,
    "score": 0.0,
    "status": "FAIL"
  },
  {
    "action": "RATE_LIMIT",
    "drivers": [
      "retries_increase",
      "congestion_pct_spike",
      "power_kw_spike",
      "energy_kwh_spike",
      "voltage_v_spike",
      "battery_soc_pct_spike",
      "charger_fault"
    ],
    "entity_id": "link-4",
    "entity_type": "link",
    "rationale": "Degraded link; reduce load to stabilize.",
    "run_id": "run-c60747aa",
    "schema_version": 1,
    "score": 0.0,
    "status": "FAIL"
  }
]