{
  "action_count": 9,
  "baseline_dir": "out/demo/baseline",
  "bundle_id": null,
  "completed_at": "2026-01-30T17:57:12.724734+00:00",
  "config_fingerprint": "95ef91048f548b297df5f754ab755fabca9c8ebd6860aea66f9891ae6e1a0cbf",
  "enforce_actions": false,
  "event_count": 13,
  "evidence_pack_enabled": true,
  "input_dir": "out/demo/run",
  "model_versions": {
    "policy_version": "policy-1",
    "waveos_version": "0.1.0"
  },
  "output_dir": "out/demo/out",
  "policy_version": "policy-1",
  "queue_depths": {
    "telemetry_ingest": 320
  },
  "recovery_enabled": false,
  "run_id": "run-c60747aa",
  "sample_count": 320,
  "score_count": 4,
  "started_at": "2026-01-30T17:57:12.714666+00:00",
  "system_metrics": {
    "cpu_load_15m": 13.4609375,
    "cpu_load_1m": 11.0634765625,
    "cpu_load_5m": 15.12353515625,
    "max_rss_kb": 67239936,
    "system_cpu_seconds": 0.062928,
    "user_cpu_seconds": 0.210494
  },
  "task_health": {
    "normalize": "ok",
    "policy": "ok",
    "report": "ok",
    "score": "ok"
  },
  "telemetry_metrics": {
    "battery_soc_pct": 54.25003165571165,
    "ber": 2.6367562160426716e-09,
    "charger_faults": 1.0,
    "congestion_pct": 9.924458930879144,
    "current_a": 186.61632459953768,
    "drops": 0.6687500000000001,
    "energy_kwh": 104.79654910730443,
    "errors": 1.5375,
    "fec_corrected": 3.01875,
    "fec_uncorrected": 1.509375,
    "power_kw": 85.55622724571242,
    "retries": 0.625,
    "rx_power_dbm": -1.5343779985135257,
    "temperature_c": 45.61511167545426,
    "tx_power_dbm": 0.0014324101365842251,
    "voltage_v": 555.8471834901403
  },
  "transformations": [
    {
      "name": "normalize_records",
      "schema_version": 1
    },
    {
      "name": "score_links",
      "schema_version": 1
    },
    {
      "name": "policy_recommendations",
      "schema_version": 1
    }
  ],
  "waveos_version": "0.1.0"
}