{
  "action_count": 7,
  "baseline_dir": "out/tmp_check2/dataset/baseline",
  "bundle_id": null,
  "completed_at": "2026-01-30T16:54:30.274075+00:00",
  "config_fingerprint": "95ef91048f548b297df5f754ab755fabca9c8ebd6860aea66f9891ae6e1a0cbf",
  "enforce_actions": false,
  "event_count": 10,
  "evidence_pack_enabled": true,
  "input_dir": "out/tmp_check2/dataset/run",
  "model_versions": {
    "policy_version": "policy-1",
    "waveos_version": "0.1.0"
  },
  "output_dir": "out/tmp_check2/out",
  "policy_version": "policy-1",
  "queue_depths": {
    "telemetry_ingest": 320
  },
  "recovery_enabled": false,
  "run_id": "run-bcdecd6f",
  "sample_count": 320,
  "score_count": 4,
  "started_at": "2026-01-30T16:54:30.269997+00:00",
  "system_metrics": {
    "cpu_load_15m": 17.10009765625,
    "cpu_load_1m": 16.39794921875,
    "cpu_load_5m": 16.54150390625,
    "max_rss_kb": 66813952,
    "system_cpu_seconds": 0.092511,
    "user_cpu_seconds": 0.249072
  },
  "task_health": {
    "normalize": "ok",
    "policy": "ok",
    "report": "ok",
    "score": "ok"
  },
  "telemetry_metrics": {
    "ber": 2.6173812473067193e-09,
    "congestion_pct": 9.96890750421459,
    "drops": 0.6343749999999999,
    "errors": 1.7000000000000002,
    "fec_corrected": 3.0625,
    "fec_uncorrected": 1.53125,
    "retries": 0.65,
    "rx_power_dbm": -1.627957967459014,
    "temperature_c": 45.480861677085834,
    "tx_power_dbm": -0.04771809256268854
  },
  "transformations": [
    {
      "name": "normalize_records",
      "schema_version": 1
    },
    {
      "name": "score_links",
      "schema_version": 1
    },
    {
      "name": "policy_recommendations",
      "schema_version": 1
    }
  ],
  "waveos_version": "0.1.0"
}